{"cameraMode":{"drawMode":0,"name":"Shaded","section":"Shading Mode"},"sceneLighting":true,"audioPlay":false,"sceneViewState":{"m_AlwaysRefresh":false,"showFog":true,"showSkybox":true,"showFlares":true,"showImageEffects":true,"showParticleSystems":true,"showVisualEffectGraphs":true,"m_FxEnabled":true},"in2DMode":false,"pivot":{"x":0.046767957508563998,"y":1.0603430271148682,"z":1.1182003021240235},"rotation":{"x":-0.0028624399565160276,"y":-0.9879174828529358,"z":0.15385942161083222,"w":-0.0183794517070055},"size":1.0473153591156006,"orthographic":false}